Date,realConsGrowth,RealSP500,realIr
1959-02-01,0.014823530632293025,-0.011404574131540834,0.00671300204762626
1959-03-01,0.009963122748223086,0.02476561117990439,0.0032657003754898994
1959-04-01,-0.005054491250551241,0.012894277874009763,-8.973966305370062e-05
1959-05-01,0.01241461114024034,0.014605978260869623,0.003522610585598107
1959-06-01,0.0031791524911413127,-0.011610449404464096,9.804491562870332e-05
1959-07-01,-0.004688396897859715,0.03509276920409232,0.0001577681356648153
1959-08-01,0.007523546459998531,-0.005524861878453136,0.0036187656874400176
1959-09-01,0.008996001990175806,-0.04151776751656289,0.00039276133457843976
1959-10-01,-0.007734831227395933,-0.004078627713402727,0.0002848760442384357
1959-11-01,0.00030974136843564537,0.003910234614076691,0.0036988176007033413
1959-12-01,0.0,0.03116003386960209,0.003826754761650397
1960-01-01,0.005572665741721217,-0.012901348988860861,0.007276834706244184
1960-02-01,0.001832489973355056,-0.04033706971937345,0.0002529725920505932
1960-03-01,0.014950698006721996,-0.012482662968099856,0.003474495003497502
1960-04-01,0.015504028597616681,0.009032803275566437,9.686594649860325e-05
1960-05-01,-0.01950549462425677,-0.008670019074041857,0.0035546735478100278
1960-06-01,-0.003081113585619022,0.03218412132615378,4.400502015888819e-06
1960-07-01,0.003930466133315047,-0.023982435399425683,0.0031933138078821255
1960-08-01,0.000603318268677544,0.011593701332410333,0.0031128168457330574
1960-09-01,0.005413547055553636,-0.02907971262401632,0.0031128168457330574
1960-10-01,-0.0007531531089295385,-0.02561119230387221,-0.0035475197206342735
1960-11-01,0.0,0.03125,0.003217449047942411
1960-12-01,-0.012299540083258176,0.02316266109369547,0.0031450241575170512
1961-01-01,0.0027128878733444495,0.04970212765957438,0.0031450241575170512
1961-02-01,0.0045051885781339784,0.039565428895735444,0.003096708923229885
1961-03-01,0.011915541634193616,0.030416471689284075,0.0030644845397465037
1961-04-01,-0.00029616466972015587,0.02588555858310637,0.003096708923229885
1961-05-01,0.0067896939802682965,0.009886380404308559,0.0030403087768253734
1961-06-01,0.0029377224417870273,-0.012857977790765585,0.0031772200986699417
1961-07-01,-0.007569399066066129,-0.009166173278073786,-0.003478658020268255
1961-08-01,0.00773322502048579,0.038332751849787794,0.006661428419368454
1961-09-01,0.0033617793045022104,-0.010764745244240648,-8.653194078711568e-05
1961-10-01,0.006079046076382433,0.010979485697775404,0.0032094046775821283
1961-11-01,0.009764580743683915,0.04429837096313216,0.0032254927088173346
1961-12-01,0.007119494688382133,0.009304871373836843,0.003321961347044766
1962-01-01,0.002267574667780714,-0.036062906724511956,0.0033380295383023117
1962-02-01,-0.0010653456887053103,0.012798407558490155,-2.735183590985013e-05
1962-03-01,0.009558689591553371,0.0011072664359863538,0.003217449047942411
1962-04-01,0.0011500331369571626,-0.03404008302637951,-0.00017664810790507524
1962-05-01,0.008321823337492429,-0.07218259629101265,0.0031691721789193217
1962-06-01,-0.004429686091588447,-0.11300738007380073,0.003201359597605702
1962-07-01,-0.0005349357105544073,0.020023375192433246,-2.9382504746156002e-05
1962-08-01,0.004141936060896523,0.026253387533875294,0.0032576602600797866
1962-09-01,0.01283228156656202,-0.01167901599186949,-4.252941182825154e-05
1962-10-01,-0.006255970355732998,-0.030126498002662983,0.003217449047942411
1962-11-01,0.014088555976500494,0.06658657971511905,0.0032094046775821283
1962-12-01,0.005098629051481396,0.04215607401448107,0.0031611235488977485
1963-01-01,0.00213903824874917,0.03751736915238557,0.0031369733958956925
1963-02-01,-0.002674513495815045,0.012797619047619113,0.0032094046775821283
1963-03-01,0.0009917196615987223,-0.006793427207430147,-7.178848991973297e-05
1963-04-01,0.0037263817408139666,0.04585667944559124,0.003249619435838458
1963-05-01,0.0021231430480779245,0.0195967855632313,0.003217449047942411
1963-06-01,0.008586083646912268,-0.0034057963155764703,-1.2945704168543237e-05
1963-07-01,0.0037860717101372288,-0.0175930000986525,2.177146524817708e-05
1963-08-01,0.004930592576098292,0.026939806370141817,0.0032737397821989145
1963-09-01,-0.0020730766688514812,0.025549938516190585,0.0033380295383023117
1963-10-01,-0.0019558589249308866,-0.0005908692959051276,0.00010445727711827502
1963-11-01,0.008769723473268431,-0.0050491629019397966,0.0033701574315379013
1963-12-01,0.01027739580653142,0.017662780405498735,0.00013100903623941562
1964-01-01,0.005306392741916355,0.03008502289077808,0.003410301391423509
1964-02-01,0.008532046738915167,0.01206349206349211,0.0033942459274463044
1964-03-01,0.003990030231201036,0.01794228356336247,0.0034504276924163246
1964-04-01,0.0024857084635732107,0.014298040182423088,0.003458450834976645
1964-05-01,0.013806925446103069,0.00960019443431781,0.003434379290046863
1964-06-01,0.004087870346899614,-0.008744777672511694,0.00017349396758015168
1964-07-01,0.005250935419923497,0.032978631490705235,0.00019990273084635746
1964-08-01,0.009946558864349697,-0.010834821529488892,0.006663213236526522
1964-09-01,-0.0058575573763004485,0.013669213266084279,0.00020790218622046552
1964-10-01,0.007175347695270506,0.017006406523005113,0.0034263540299781514
1964-11-01,-0.010865815411576385,0.0037590783209844325,0.00017823872896083337
1964-12-01,0.010986496941567836,-0.016606005459508744,0.0034183280638138136
1965-01-01,0.008043573057446185,0.025213971778857314,0.0034263540299781514
1965-02-01,0.01635932721522826,0.0072202166064980755,0.003442403844149622
1965-03-01,0.0011945920601368343,-0.0020783949981105776,0.00023651756988707362
1965-04-01,0.0055418777553049026,0.00975224939533903,0.00023872840058825062
1965-05-01,0.0011432492385026194,0.01468963993814909,0.003442403844149622
1965-06-01,-0.011848783244697625,-0.05197286203813056,-0.0029084974460031887
1965-07-01,0.013239179905113474,-0.001254991443240261,0.003434379290046863
1965-08-01,0.00768018231862877,0.018163125428375615,0.003474495003497502
1965-09-01,0.01695712206675637,0.03264893975092553,0.0035065748777713956
1965-10-01,0.01111855157391961,0.018831477741813263,0.00038888593409458494
1965-11-01,0.001307759558657029,0.008291697671946485,0.0036347816898771867
1965-12-01,0.002497669354870613,-0.007348577528902056,0.0006142923602869832
1966-01-01,0.007552091131566296,0.017046056114345953,0.0037628086026935126
1966-02-01,0.0044211024478642,-0.012560509056839253,-0.0023360631215356698
1966-03-01,0.00703654059242842,-0.04269822075787921,0.0008428361388701511
1966-04-01,-0.002219178823103185,0.023516036178933053,-0.0023412573298032813
1966-05-01,-0.008000042667076102,-0.050953389830508344,0.003898640670782605
1966-06-01,0.0019689067786696768,-0.010875676435448844,0.0008240635504408456
1966-07-01,0.007586774779515526,-0.005319971961889047,0.0010005521997771272
1966-08-01,-0.0007396652492794864,-0.06405260669831303,-0.0018929271905174794
1966-09-01,0.0123407571924119,-0.033764367816091934,0.00421745036527299
1966-10-01,-0.007939012613520813,-0.014577236415407757,-0.0020217502281741906
1966-11-01,0.003679480847887273,0.048243969503812156,0.004201536297631092
1966-12-01,0.003462677866590269,0.003934660784547628,0.003946533172173083
1967-01-01,0.0048681637724175,0.03717339667458419,0.0037388172355212745
1967-02-01,-0.002431119511819624,0.03343639070193505,0.003778799343900019
1967-03-01,0.0026285418632459034,0.019836481155040886,0.000665283115611981
1967-04-01,0.008006383751830715,0.01360956504892985,0.0007143473395871958
1967-05-01,-0.0012228710853987579,0.014301933923634103,0.0009305534369996593
1967-06-01,0.006110480659544226,-0.015114391803050076,0.0010747746112405032
1967-07-01,-0.0031958389613766514,0.013811241081919778,0.00119494487159022
1967-08-01,0.0031098406117848754,0.012398391694571131,0.0012990776887331634
1967-09-01,0.008332150984879494,0.010638200352009575,0.0013238501414967185
1967-10-01,-0.009587867688765073,-0.00448214580363504,0.0014752480115671762
1967-11-01,0.007138130855846914,-0.03330068031130795,0.001697443226071238
1967-12-01,0.011818238994453445,0.0245895112651775,0.0016667344703358289
1968-01-01,0.005102589042745631,-0.008395480610586814,-0.0013959707369326502
1968-02-01,0.002144555232699741,-0.04648308021252512,0.0015821008946599324
1968-03-01,0.01693436073540555,-0.020475378294586344,0.0017328783329746411
1968-04-01,-0.003462528791669861,0.06848419039244802,0.0016624118563539625
1968-05-01,0.007702569217240995,0.019544572233806123,0.0018524323428261713
1968-06-01,0.005972778434602866,0.020262923650412157,-0.0011443822977504903
1968-07-01,0.0065799455070174595,-0.007556064135316287,-0.0012845858905043972
1968-08-01,0.003863266602886828,-0.023803899875535994,0.0015384653977186247
1968-09-01,-0.0007389032900708692,0.028703288171299635,0.001578304240257733
1968-10-01,0.0002841431681939177,0.0182562467263796,-0.0011562666914132214
1968-11-01,0.006053898365177002,0.012295168656018873,0.0017923069724008478
1968-12-01,-0.0031677372538947424,0.007388457612723887,0.0020605676284537466
1969-01-01,0.009256170640882466,-0.04367225097495531,0.0020763943033392795
1969-02-01,0.003270008758935461,-0.010223655081629479,-0.0005970975126528
1969-03-01,-0.008005298015871798,-0.029075146085533077,-0.0032484260622536176
1969-04-01,0.002929689139319791,0.014011116132920387,-0.0005354494412758148
1969-05-01,0.007967541864092986,0.028867598257503513,0.0023586796480135064
1969-06-01,-0.00448046468254093,-0.05578214313977348,-0.00017679511412937998
1969-07-01,-0.002458575618447867,-0.04841882740061476,-2.9737977113475367e-05
1969-08-01,0.0064553813440726415,-0.010792581032744386,-2.3629922208501242e-05
1969-09-01,0.002697080726083101,0.0007887946840556825,0.0030683791226417956
1969-10-01,0.003229687798503633,0.004924619473700709,0.00033976662669665814
1969-11-01,-0.002119193514475981,0.0017231850275327698,0.0003996572204729709
1969-12-01,-0.0016193261624191102,-0.05635610446609407,0.0008240977230087321
1970-01-01,0.00677974725759567,-0.011109315076642812,0.0036087129271220597
1970-02-01,0.0031177019473664913,-0.03868001554115308,0.0005480202890746355
1970-03-01,-0.0079343452588021,0.011173109882727683,0.0004434624294327172
1970-04-01,-0.0019881274056543496,-0.036968433439790394,-0.001879550286639775
1970-05-01,0.007418564115383219,-0.11316522636998727,0.0037569512368125224
1970-06-01,0.0008846594778550987,-0.01105541302164359,0.0011225311732387944
1970-07-01,-0.0017431880127696253,-0.0034862940791593466,0.0008546738013128774
1970-08-01,0.006761974436089169,0.02801013941698338,0.006068312425728806
1970-09-01,0.0043361891993161095,0.052057674259446074,0.0008266476417153612
1970-10-01,-0.006303583092314824,0.015455689842212017,0.0008060897504951203
1970-11-01,-0.007649051362885295,-0.006187070614761092,0.0004503162598636923
1970-12-01,0.00857609040954932,0.06040380309599236,0.00012399711873212205
1971-01-01,0.01565210458963362,0.03680652430518294,0.005056951748254823
1971-02-01,0.002359650024425619,0.03476295790189643,0.0024357254572016096
1971-03-01,0.0013164718988596391,0.022181233163723224,0.002118669905267101
1971-04-01,0.007424415071471735,0.0305265946223916,0.0022275844490684538
1971-05-01,-0.0016415566562861805,-0.018184930521793263,0.00018666624154328737
1971-06-01,0.005093451181189312,-0.02521254722618238,-0.0021507335928772076
1971-07-01,-0.0037469352913666043,-0.009442325917719874,0.0029720565660174003
1971-08-01,0.006094289335179859,-0.019744435482322076,0.0028605689199134865
1971-09-01,0.011425471634466167,0.02152895445031411,0.004978082301133391
1971-10-01,0.0014713962789891788,-0.02307935821039009,0.0023554808761827584
1971-11-01,0.0070996330786075035,-0.044933745142971104,0.00471732897177124
1971-12-01,0.005471857989487461,0.06136534270628857,-7.736274242220453e-05
1972-01-01,0.004246872606726182,0.04039514866979643,0.004828042512537767
1972-02-01,0.0015502220199437033,0.01293306451667986,6.423530232235741e-05
1972-03-01,0.015085768760730645,0.020619189189309717,0.002495483311157898
1972-04-01,0.0019824796477134754,0.00749691915626749,0.0025957965578360387
1972-05-01,0.004875648988775794,-0.012213051206414027,0.0025543978806885637
1972-06-01,0.0023371362972457455,0.00030373823176721437,0.0025444455749257244
1972-07-01,0.0060544546835124,-0.0119415544133189,0.00015748976832608008
1972-08-01,0.0058946157723540615,0.03208833728467342,0.0026403616379826467
1972-09-01,0.0037860167996499605,-0.016367228231719766,0.0029131269063280563
1972-10-01,0.012773792598918643,-0.0027814768856202488,0.0004930251412964548
1972-11-01,0.004658935672022579,0.04659410523848595,0.002717988775037705
1972-12-01,0.0046155581603271045,0.018067475658114063,0.002786442942047218
1973-01-01,0.01046893077601041,0.005177355054487576,0.0028705299049927024
1973-02-01,0.004308128382823906,-0.041302231825430136,-0.0016588211345901493
1973-03-01,-0.0008399052257037631,-0.024349192630480077,-0.0038612777093921524
1973-04-01,-0.0034283356399131826,-0.024754646494876464,-0.0015225408825719766
1973-05-01,0.0001779752499180276,-0.03387471947695497,-0.0013349615563865713
1973-06-01,-0.00360742931051794,-0.028198980261000872,-0.0012493851999044736
1973-07-01,0.00928051330920976,0.007164044113559864,0.0034855779376152807
1973-08-01,-0.01883466686710511,-0.03566481431171942,-0.01187730440222845
1973-09-01,0.016247222510182624,0.014751398114353886,0.003499553561262303
1973-10-01,-0.009961775198936262,0.029831974074987277,-0.003330562413784821
1973-11-01,0.0034134573736577245,-0.07478115756366488,-0.001129088067869155
1973-12-01,-0.006856853821795017,-0.07421115053543403,-0.0010786168189659273
1974-01-01,0.0003509825712240122,0.005051313262747215,-0.002985844337384136
1974-02-01,-0.006931537809027777,-0.038904615667618936,-0.00716052959201785
1974-03-01,0.00043303609992584313,0.028323772575331807,-0.006806862724533014
1974-04-01,0.006198852522556031,-0.053129130319852114,0.001860831166753174
1974-05-01,0.0002331147667073985,-0.04086738949124258,-0.006313789494776567
1974-06-01,-0.0021440033728272745,-0.006672582076308831,-0.0021367572983417293
1974-07-01,0.0024814746454420167,-0.11920644475044728,-0.0018617049098896832
1974-08-01,0.00578597971551309,-0.05076146788990821,-0.005612493434448029
1974-09-01,-0.0116144182892568,-0.10969111955689903,-0.005469281010913596
1974-10-01,-0.005549364243626176,0.00844262646269578,-0.003490590734138488
1974-11-01,-0.0109298179813333,0.023618169950107015,-0.0016298408321763214
1974-12-01,-0.0018975498505935384,-0.06921506255776655,-0.0017629860557635268
1975-01-01,0.010399978910724972,0.07382994736151693,0.0021829423677683923
1975-02-01,0.006397811613586324,0.09099376164222583,-0.0017053582360790909
1975-03-01,-0.002590164589209465,0.040216375428361095,0.002405428371937024
1975-04-01,0.0006440336875179753,0.00704156088113006,0.0028067487740928154
1975-05-01,0.01808109833830196,0.05510240533460342,0.000804969866788241
1975-06-01,0.00023288428758805324,0.016980396524838515,-0.0011846441568570398
1975-07-01,0.0014493765837859662,-0.010144050041062447,-0.004661239379967763
1975-08-01,0.005057226426632422,-0.07218999705187534,0.00489009108273053
1975-09-01,0.0019125877976251537,-0.0170611093223485,0.0012356584446191476
1975-10-01,0.0002869632214688167,0.03830948574028947,0.0010424520416665306
1975-11-01,0.0066874063611117585,0.008798182705798352,-0.0008072426033098878
1975-12-01,0.011427765140440638,-0.01826899425022288,0.0028072408123096526
1976-01-01,0.011841355157590883,0.08637337802414491,0.004422129318413903
1976-02-01,-0.003048858473262417,0.03358067154213118,0.002664099609572812
1976-03-01,0.004688410476850091,0.002996838147926173,0.0044240725772963785
1976-04-01,0.0058023808580558445,0.0042322145351734175,0.0025049201666493826
1976-05-01,-0.009506855158189609,-0.013378828265290688,-0.0007683064687334928
1976-06-01,0.010434576684998476,0.0005952428886260019,0.0010101476078094862
1976-07-01,0.002679502105513709,0.017645196762293258,0.0010148676039336557
1976-08-01,0.00204013670456904,-0.013240676240186211,0.0009960708041809596
1976-09-01,0.005804937927224252,0.017273268297236744,0.0026216261426741383
1976-10-01,0.001626491973634181,-0.03729574902094546,0.0007623987363372109
1976-11-01,0.008588101436084461,-0.007761716382406081,0.004146719869412285
1976-12-01,0.015304299374825803,0.030388749380051205,0.0020967639964544205
1977-01-01,-0.002256583982350513,-0.01290421455938695,0.0006604303110451237
1977-02-01,0.003122274849935547,-0.03547183658491837,-0.0042536906711867495
1977-03-01,-0.001076438717304562,-0.01002920475780189,-0.0007493989237432608
1977-04-01,-0.0011265057599061379,-0.022433756401692206,-0.0024393839046393806
1977-05-01,0.0028387242780829602,-0.00728689562834417,0.0010086751359492663
1977-06-01,-0.0014542853251682253,-0.0009026906800185808,-0.0007553045306901707
1977-07-01,0.008355670603791499,0.004298355910891782,0.0009651338765011008
1977-08-01,0.0007793651056537954,-0.026230636919076233,0.002679424253467122
1977-09-01,0.0035585574665728537,-0.017594038641738474,0.002643440505676331
1977-10-01,0.009718713251549271,-0.027292324472906304,0.0027940850456178445
1977-11-01,0.0069671773516124524,0.0011264189114790213,0.0012311623458931553
1977-12-01,0.0035335105155005486,-0.007252483240295926,0.0029524191938121724
1978-01-01,-0.01129771121643941,-0.04201181845872681,-3.801690011928649e-05
1978-02-01,0.012692713681554668,-0.01912511401336392,5.695968650254457e-05
1978-03-01,0.008477311961616163,-0.009156476165028793,-0.001472334209676629
1978-04-01,0.005771734263502637,0.03382501565446705,-0.0013255401006593281
1978-05-01,0.001763780404068882,0.0387345785703217,-0.0026592750989220537
1978-06-01,-0.0010683245005398412,-0.007931283305061987,-0.004018544465506757
1978-07-01,-0.006938341756749455,-0.011770704463032078,-0.0007333976717968094
1978-08-01,0.009502456610886778,0.061142460437545676,0.0021757260689820868
1978-09-01,-0.003478094189573344,-0.007154182296299272,-0.0008100117449318933
1978-10-01,0.0006076751005963388,-0.03878644849608637,-0.0020741524640366382
1978-11-01,0.004835106574655246,-0.05986402506918442,0.0025784325113356044
1978-12-01,0.006240475283787905,0.009739771315263157,0.0027517366923275333
1979-01-01,-0.004888805497269999,0.026874679658506873,-0.0015644693608672933
1979-02-01,-0.00144687568106594,-0.025061914422380926,-0.004377462816250399
1979-03-01,-0.0012894552658253566,0.00825982017625404,-0.0028021782012392915
1979-04-01,-0.0067049611549894195,0.007916138699896935,-0.004068858539279185
1979-05-01,0.0005060739892184252,-0.03401891075854735,-0.005280924499654782
1979-06-01,-0.00034335596131107593,0.007956595503247232,-0.004005995047647981
1979-07-01,-0.004425682649499496,-0.001149448203517478,-0.0038535539050511547
1979-08-01,0.008897866929049592,0.03403891809500892,-0.0023232545966553886
1979-09-01,0.00048161474423169537,0.00032166830391244794,-0.0033427888806742967
1979-10-01,-0.0033091428064064843,-0.04318761105838542,0.00015876721204821642
1979-11-01,0.0002529427072577306,-0.01606430029661643,-0.0008316174177797064
1979-12-01,-0.005069196556546807,0.027142620277671003,-0.0022450530582462935
1980-01-01,0.0041934308117723695,0.013234146159084137,-0.005677164101680843
1980-02-01,-0.01162710829318403,0.023690886916369225,-0.004282042842200129
1980-03-01,-0.01110588325222217,-0.10082966304510932,-0.005081439107875618
1980-04-01,-0.01881275715608277,-0.025877325289090147,-0.0021222695250362467
1980-05-01,-0.0069417440466690294,0.03334033398735192,-0.0017477925933715444
1980-06-01,-3.058363787111773e-06,0.049636396752656076,-0.00316166835985332
1980-07-01,0.016330897579558634,0.04347104695536763,0.008164846051901042
1980-08-01,0.002284354830530244,0.022396333314690153,0.0015439527479494952
1980-09-01,0.0010554015932355831,0.014940554311742238,0.0007106766563220734
1980-10-01,0.010868855982634873,0.01843668208038185,-0.00022088226433136793
1980-11-01,-0.0028968544890246584,0.032052961947544256,0.0017291398480225872
1980-12-01,0.004225111586258823,-0.024428164575137523,0.0007537868200742093
1981-01-01,0.001755774239660557,-0.011313189173707716,0.0017901685750245644
1981-02-01,-0.0027267892706124286,-0.0426621160409556,3.311756651314113e-05
1981-03-01,0.003072963370641002,0.02892433809682049,0.0034765331957560264
1981-04-01,-0.005968822450476807,0.002096290309654414,0.0039357170266560715
1981-05-01,-0.0029018448065918356,-0.026621045947598954,0.0031714669019020647
1981-06-01,0.0018888630546256557,-0.004234956621437025,0.0016628348062355247
1981-07-01,-0.007056091940313092,-0.033452917678552296,0.00014640136568977447
1981-08-01,0.004923431685928126,-0.003556600030744983,0.0039984416185461225
1981-09-01,-0.010263077666879727,-0.0916030522313307,0.002177176997872232
1981-10-01,-0.0029579972839890445,0.010170019560501231,0.009658171807595428
1981-11-01,0.00019892875761717832,0.0214894815274278,0.007291528834236116
1981-12-01,0.005996783842445286,0.004044590644475932,0.0075458260397431864
1982-01-01,0.0009782791489127973,-0.052628677685661596,0.008196195230147696
1982-02-01,0.008818979724565246,-0.02544630096184597,0.008089012306473187
1982-03-01,0.0024914044418711256,-0.029256871125012074,0.011945040265712858
1982-04-01,-0.0031375585463906397,0.04264251861979318,0.00662189572741223
1982-05-01,-0.000497188427519113,-0.008348016107646461,0.001202523186029314
1982-06-01,-0.010689020238920932,-0.06584965761278028,-0.0013094034410835453
1982-07-01,0.006556911224888218,-0.007604497468028604,0.005757576135886566
1982-08-01,0.0017559436001954865,0.0007006793842265768,0.008213404168857297
1982-09-01,0.009664465356201912,0.10679556423699821,0.007681008360452601
1982-10-01,0.006963110968814412,0.07646921176929422,0.005584945125451712
1982-11-01,0.013032742303596745,0.04081281695825356,0.010451115487575047
1982-12-01,0.009796465744229543,0.013172373158904405,0.012518296331626155
1983-01-01,0.0036730168534955254,0.03145442295622991,0.0062627189140676
1983-02-01,0.0003570210576993027,0.015630394657701885,0.007492146389156185
1983-03-01,0.011781496153778992,0.03324658425504223,0.008362759856586965
1983-04-01,0.0035319407512299783,0.029225478083509726,0.0011209113345012067
1983-05-01,0.0026536478157583865,0.032654260447325445,0.0021654862723599066
1983-06-01,0.010293554662824445,0.01045060418739907,0.005579859044563484
1983-07-01,0.008388781122045774,-0.00044153995925100276,0.004981792593452106
1983-08-01,0.0039207427374248205,-0.02924307742298804,0.006353973551847858
1983-09-01,0.001251867967790421,0.023350186667116857,0.0042144776550450125
1983-10-01,0.006700371673290295,6.314580941468861e-05,0.006145177904324894
1983-11-01,0.001705161345414652,-0.016084443327469278,0.007261077238019498
1983-12-01,0.010483300597880163,-0.005452741436674291,0.008364607987575212
1984-01-01,0.004815537771548417,0.005879599064505969,0.00329805664221805
1984-02-01,-0.011488339568460848,-0.056898216433984516,0.004439979628692026
1984-03-01,0.009672248409290152,-0.0011603448674385453,0.00776055090654415
1984-04-01,0.0057336378605090665,-0.003398475194596573,0.005062808307265687
1984-05-01,0.00398821131920446,-0.00864849456543293,0.007609853223008001
1984-06-01,0.0055936726835379424,-0.023946175552874593,0.007729327186652313
1984-07-01,-0.004250645930464092,-0.016138400392222474,0.006621835106029428
1984-08-01,0.00319537177760143,0.07998829422802145,0.006161867695780865
1984-09-01,0.0037880101621423634,0.005204382638010818,0.005069594846357717
1984-10-01,-0.0038402164041797526,-0.010033916074958071,0.006732512947681402
1984-11-01,0.015717492903969177,0.008999593566742181,0.0091652468789023
1984-12-01,0.0043461457624025535,-0.010070203705835001,0.009112468436904608
1985-01-01,0.012022020378193776,0.03952997286652016,0.007109082639076281
1985-02-01,0.0036375627761011664,0.04722193847731848,0.004360010026084993
1985-03-01,-0.0008549423498789288,-0.011474820086499027,0.005588902455125666
1985-04-01,-0.0005435479256648001,0.0018674068149397982,0.004340016677404579
1985-05-01,0.01004458319125856,0.01912993663429985,0.004860923710321208
1985-06-01,-0.0053914276805455685,0.01807666897822502,0.005285560492991559
1985-07-01,0.007874615887074388,0.016570593767501807,0.006340035900243679
1985-08-01,0.011460940928976537,-0.022585343120121282,0.006358703342715266
1985-09-01,0.012586582817416314,-0.023974757792527224,0.005463290404508658
1985-10-01,-0.01770362486291388,0.007324621050794011,0.004447355246652629
1985-11-01,0.0027804836048912485,0.05541963281951001,0.005032212590092344
1985-12-01,0.011654143577864762,0.0449378328632255,0.004642243776812771
1986-01-01,0.002863462125787919,0.0016188471766205303,0.00459615892385834
1986-02-01,0.00029733247945396,0.05489080600820295,0.009739907143080373
1986-03-01,0.005789922878838283,0.061766258090887094,0.010887395630698737
1986-04-01,0.0059397418114515155,0.025728739826333502,0.007741275486733201
1986-05-01,0.005076012819124287,-0.0006472513649546929,0.0034366229529672054
1986-06-01,-0.004025782167334402,0.022068811490915552,0.0007647289791439249
1986-07-01,0.006791020195935804,-0.01996842936069465,0.005888809906794412
1986-08-01,0.0041961697485790594,0.01767091738918536,0.003953490878243926
1986-09-01,0.020392438596201767,-0.030722213234266937,0.0014414615625071292
1986-10-01,-0.014083164750177346,-0.004472927387165426,0.005078261900445691
1986-11-01,-0.002441703423762931,0.03045189190464792,0.004938645172797074
1986-12-01,0.022283568572740275,0.012975723917606263,0.00483008681084951
1987-01-01,-0.02708221881447459,0.05528937174147308,-0.0006141694573502665
1987-02-01,0.018710330187017288,0.056390649470774434,0.002244544748514432
1987-03-01,-0.0006132512428638215,0.035537522837425284,0.0013633460331423652
1987-04-01,0.0030887859514239224,-0.015705742937816236,0.0010913548919211369
1987-05-01,-0.00038879991344797915,-0.00400530206977312,0.003345396171114734
1987-06-01,0.00444188144034996,0.037867223165445774,0.003196134900776082
1987-07-01,0.004462088085042559,0.025522460357137566,0.004128736012450229
1987-08-01,0.006339034789704989,0.05512668365305862,0.0017407422303401532
1987-09-01,-0.006605444340882727,-0.03656094558560785,0.0022734896035319085
1987-10-01,-4.979520509262869e-05,-0.1197510913346882,0.004985168815108132
1987-11-01,0.002222887244404337,-0.12242530896772286,0.006226751568582101
1987-12-01,0.009464641818774933,-0.015565889029003688,0.0071996226305266475
1988-01-01,0.00980251360866946,0.03553701677579202,0.004341917224431002
1988-02-01,-0.00019643056064477804,0.026794736114361006,0.003993696529632107
1988-03-01,0.007763428277287598,0.02423687129285801,0.0024002200232711157
1988-04-01,-0.004370537837852684,-0.01602707459521091,0.0018318101080332383
1988-05-01,0.005924110881832423,-0.02688464394364276,0.0038475736343790423
1988-06-01,0.0032853912488337578,0.05091183807948796,0.002878133165228558
1988-07-01,0.003037653943033458,-0.009626427101048884,0.0030034990082117297
1988-08-01,0.003329700187339135,-0.023265669185672966,0.0031745103314675394
1988-09-01,-0.004623964625406707,0.009254352684384681,0.0004660987843827513
1988-10-01,0.008068086304684474,0.030761520630516515,0.0037019278875032313
1988-11-01,0.003990220587382076,-0.022802869691659122,0.006339295974928216
1988-12-01,0.006902181642287175,0.018297093306585577,0.00562013422011165
1989-01-01,0.0019461696242832893,0.026191642116118796,0.0022859648493820384
1989-02-01,-0.0028867602871143205,0.025203791145999688,0.003196120622200649
1989-03-01,-0.002648526644230209,-0.009616979807608783,0.0017176508497585008
1989-04-01,0.006033782822490785,0.025271202318852826,0.0007993046403462767
1989-05-01,-0.0031896357050649193,0.031587131594392304,0.0014050313243298973
1989-06-01,0.001737911837852213,0.028302068577612083,0.004217727618377687
1989-07-01,0.002926463879949992,0.02222429267332049,0.0040224310168381905
1989-08-01,0.008079618900689312,0.04164736364124044,0.004903811916507239
1989-09-01,-0.0028461388843403768,-0.00074393392132166,0.0033603987999870633
1989-10-01,-0.0015633743869547523,-0.004304517768944804,0.0016339525031221491
1989-11-01,0.0002802849622911552,-0.02210123958420651,0.003935086217115913
1989-12-01,0.009576239467755876,0.022697550234175523,0.004713644278284024
1990-01-01,0.002285977705523301,-0.03373395735428142,-0.0036744330559841387
1990-02-01,-0.005368860937238207,-0.031419284554698,0.0020789247809118727
1990-03-01,0.0016822595675556329,0.01813844731194303,0.0014145769089757287
1990-04-01,0.002460552413831252,-0.0020083110203682475,0.005482950682206278
1990-05-01,-0.0007874020844731433,0.03243494971896088,0.004684040726993466
1990-06-01,0.002168963527581891,0.02278914213467753,0.0013805896599445866
1990-07-01,0.0006690473512747097,-0.004610832207228688,0.0029378688756955817
1990-08-01,-0.0022242268578791524,-0.08702758193507198,-0.0021678924530404986
1990-09-01,-0.0026750682883132093,-0.05255777573022535,-0.0012258361311023869
1990-10-01,-0.005881349219158949,-0.03087003456900017,0.0009570531691465156
1990-11-01,-0.0019088610033968223,0.023557885904271547,0.004479135606513696
1990-12-01,-0.0027414282932363143,0.04136877482432011,0.006496134585383784
1991-01-01,-0.011232434494036436,-0.015392964118191688,0.0005217021427526003
1991-02-01,0.005183899465359687,0.10727060099568231,0.004824417845574747
1991-03-01,0.010420333171345941,0.025243831859746546,0.005028273029332286
1991-04-01,-0.002989317567581029,0.017795466604969112,0.004976233937048713
1991-05-01,0.003703721195304155,-0.007224996704275344,0.0035193815776657367
1991-06-01,-0.00109123534205402,-0.0021489066238855603,0.003690472753311136
1991-07-01,0.00498090330667722,0.0035953262413683795,0.005165279763187813
1991-08-01,-0.002151214772058374,0.020498176909238053,0.0034094694987714114
1991-09-01,-0.0004601098022529726,-0.009727609512369506,0.0017617016396318519
1991-10-01,-0.0036424028018022803,-0.002330467744895093,0.004603875289737935
1991-11-01,0.004010688777089655,-0.0053509707270789075,0.003062383962614934
1991-12-01,0.0034868904236420306,0.005699911765592258,0.004995293567197745
1992-01-01,0.014392737580619208,0.06735468511531084,0.004221190533536312
1992-02-01,2.7025108630951422e-06,-0.011702960012635155,0.0022911928360875855
1992-03-01,-0.0007780662962848517,-0.017109840701483137,0.001020450058056399
1992-04-01,0.002081073895674024,-0.0013147241728463932,0.004586984155668938
1992-05-01,0.005057182744490962,0.016173501863121276,0.004518921491833527
1992-06-01,0.0009141326130484018,-0.018823225567536683,0.0022703322698480743
1992-07-01,0.004471989839077928,0.013998011097611673,0.003381707796568101
1992-08-01,0.0009787154523230868,0.003950547309198749,0.002478428834730817
1992-09-01,0.005282018590749171,-0.0014867752201060958,0.002353172186317032
1992-10-01,0.0033529486948018494,-0.0173788565088302,0.0017875641098212824
1992-11-01,0.0022713135759633296,0.022869481711753847,0.004135999276272617
1992-12-01,0.00901768923086621,0.030158853991334222,0.006182406287680964
1993-01-01,-0.003929809190189815,-0.005775040297184786,0.0004052687636437735
1993-02-01,-0.00014230974176365763,0.010998062296865285,0.0015609329936594474
1993-03-01,-0.004131071660965713,0.015147278410769127,0.0013529619663346093
1993-04-01,0.006571379175864145,-0.01801718879090064,0.0020526148736399463
1993-05-01,0.0051911950783627425,0.003413534741513624,0.0035053872275672138
1993-06-01,0.002585839685097291,0.004766859407389967,0.0034442059534853797
1993-07-01,0.0064879168862734815,-0.0016718051152893043,0.00471732897177124
1993-08-01,-3.9994821077637965e-05,0.012072185472716823,0.001839225329825167
1993-09-01,0.004691460511672574,0.008860211090043757,0.0022839970384800345
1993-10-01,0.0005836043306799432,0.0057613953746591395,0.0002008079198911883
1993-11-01,0.004001969650555992,-0.002762357051654063,0.003957027379745126
1993-12-01,0.0037259500432118564,0.006478073404143414,0.004685671867687535
1994-01-01,0.0003183118190039913,0.012018852880586017,0.001921084510021931
1994-02-01,0.006892212006024412,-0.006199372262269853,0.0014190221270822256
1994-03-01,-0.0005141523583107599,-0.019305346681331437,0.0018314028358417112
1994-04-01,0.004030182174059149,-0.03601973648617807,0.0042661537185773035
1994-05-01,-0.0010207864397395738,0.0074038591213621,0.005113121431647549
1994-06-01,0.0050182375528602385,0.005154267379305022,0.0023346891233386735
1994-07-01,-0.00021748191125992022,-0.009945905483034312,0.003177519314053745
1994-08-01,0.004822852232885033,0.023582464670306447,0.00179155498990613
1994-09-01,-8.073042826994836e-05,0.0030497982204207297,0.0033202413536326247
1994-10-01,0.00723671897828515,-0.007041225189240441,0.005558834105457766
1994-11-01,0.0012983677536011484,-0.007011898606715139,0.005058402321498789
1994-12-01,0.003310165220454575,-0.012127987175971855,0.006286362805131507
1995-01-01,-0.0020191529193858138,0.01742270860107431,0.002246007046572629
1995-02-01,-0.004066526240234847,0.0307284483222523,0.002021434072570605
1995-03-01,0.003799550428719378,0.019284736787759105,0.002488955644570634
1995-04-01,-0.002315031611235696,0.025901726599742325,0.0023907212103937425
1995-05-01,0.0067613554143441945,0.028612276272163006,0.0033822303878119353
1995-06-01,0.006991012650223283,0.027000859471522975,0.00302469766129998
1995-07-01,-0.0014676762086502926,0.03274773389300001,0.005088480474269685
1995-08-01,0.004417753395676183,0.0005465481458890586,0.0026239946123680635
1995-09-01,0.0010720349350892278,0.03242996348696536,0.00305734671036606
1995-10-01,-0.004573868194560848,0.0038479004619678125,0.001630116913113877
1995-11-01,0.008933314240960222,0.02191971962287198,0.0054664091376208646
1995-12-01,0.008904937361958964,0.03203833409743129,0.005292653032856975
1996-01-01,-0.008163614219935056,-0.005908123936082532,-0.0012651397589946711
1996-02-01,0.005985529607894335,0.052662167654613956,0.0014742129970399809
1996-03-01,0.002708132100102567,-0.0086914856108673,-8.35913068054639e-05
1996-04-01,0.0028389635515537748,-0.0035977053067420828,0.0014105596061064762
1996-05-01,0.0011116553665035944,0.019379211044179057,0.0035241311465092906
1996-06-01,0.0005095642205312778,0.01020709769579109,0.0049419030682775755
1996-07-01,0.0023042234795247474,-0.0374331369713613,0.00363083262045083
1996-08-01,0.002479758752501393,0.026498452639216685,0.003454321906973812
1996-09-01,0.0009128275592216184,0.014980797321538564,0.0023348398197329256
1996-10-01,0.0028411089347875063,0.035382776264129,0.0021100353257428317
1996-11-01,0.0023577198294066903,0.045895573633154996,0.0031243552432396182
1996-12-01,0.005107282439412053,0.010206664978880342,0.005104240758453837
1997-01-01,0.002876655957659402,0.027125284665901583,0.0021651887401783476
1997-02-01,0.0010853619700625927,0.0379965364593684,0.0020496265451299678
1997-03-01,0.0012073128624816576,-0.010078743545611113,0.0028974967023396303
1997-04-01,-0.00031459707555958616,-0.03613953977958151,0.004312559895070178
1997-05-01,0.0007892573445413831,0.08950964849556886,0.006054728231388973
1997-06-01,0.004959131624185709,0.04965430304138563,0.00399961241011626
1997-07-01,0.008641814849863483,0.05371924944990569,0.003788795537104539
1997-08-01,0.0049933681381850725,0.000256866828524549,0.0032290462794268837
1997-09-01,0.00014317929651852523,0.00793291173062971,0.0025394189104213094
1997-10-01,0.003927741802257412,0.012398329925920493,0.0024038926257532456
1997-11-01,0.0047610421284178805,-0.012000481108561223,0.005394852796338334
1997-12-01,0.006700186499995819,0.025904780220081358,0.005963103713211737
1998-01-01,-0.0022447362549700145,-0.0007948739769514379,0.0026386342937807505
1998-02-01,0.004085532594834351,0.059764541657301606,0.0026658369453511632
1998-03-01,0.0027678258807792844,0.049174862867659375,0.0027325755388689643
1998-04-01,0.004704198295304884,0.030570753219063995,0.0027280961985489682
1998-05-01,0.00672260558767368,-0.0050992957260967975,0.002739423422629228
1998-06-01,0.0045453097191043845,-0.0011648076371408855,0.0032392183048748358
1998-07-01,0.0018855558514268012,0.0416448673853802,0.0032090252188001767
1998-08-01,0.004699949461803854,-0.07098329022680472,0.003115355106615869
1998-09-01,0.005605708483509275,-0.050598200433403906,0.0026953008330752315
1998-10-01,0.003107808322387662,0.008972338840848249,0.0012507717041161381
1998-11-01,0.0027633984058272887,0.10677639609398848,0.0039385528336748354
1998-12-01,0.00972806844509222,0.03995826940408986,0.004407230716808153
1999-01-01,-0.0018776104227113954,0.04619286721181726,0.0014067772584487326
1999-02-01,0.0029401670028672555,-0.002873800655908476,0.002853364970537786
1999-03-01,0.0024915079110012783,0.02472491653140163,0.0012140196945917836
1999-04-01,0.0035382084731461205,0.03339006025616742,-0.0030332171463894886
1999-05-01,0.005244711015041759,-0.001990808238541697,0.004503430265808905
1999-06-01,0.004514752633603791,-0.0070595912555986295,0.0047885173650881185
1999-07-01,0.0013474252501399775,0.04055887851555884,0.0016879999862553507
1999-08-01,0.004624263379028548,-0.04053481413441329,0.0024148243356119092
1999-09-01,0.0038099099229733646,-0.011621436252356343,1.6697173966351286e-05
1999-10-01,0.0021060848651650588,-0.015349301184015895,0.003161980583676449
1999-11-01,0.005206550626950079,0.06847850620978813,0.00429416386635717
1999-12-01,0.01421149887300066,0.026781845176781394,0.005088480474269685
2000-01-01,-0.0026760476824581048,-0.0050798173753506815,0.0024094186286092167
2000-02-01,0.006608469888804702,-0.031178002482130318,-0.0006429370296089365
2000-03-01,0.0009837246344104322,0.029474157526446332,-0.003146335124945887
2000-04-01,-0.0016912620204885265,0.01252056440220417,0.004273042236193181
2000-05-01,0.003404131386545828,-0.030156080524935014,0.004042224909078795
2000-06-01,0.0002948079146229965,0.024902994190482808,-0.00029972506107756036
2000-07-01,0.0008788583699956831,0.005053154983666319,0.0025808678316896483
2000-08-01,0.0050547954924176075,0.008290927644033719,0.004733153410191093
2000-09-01,0.0073387623324592255,-0.016792521428991014,-0.00049633254365955
2000-10-01,-0.0009710403732716699,-0.05413967329189073,0.0029297461095671995
2000-11-01,0.0017436893011506527,-0.009186812670897049,0.004069033882350359
2000-12-01,0.006692010007901317,-0.033252827234703464,0.004842339824554287
2001-01-01,-0.0012515692175263382,-0.0028890854360792417,-0.0021069827767686844
2001-02-01,-0.001931014211057569,-0.026071326799593675,0.00015544044491155873
2001-03-01,-0.0030013777814015263,-0.09284797380889076,0.0017072270700628778
2001-04-01,-0.0028935278628785532,-0.0007248004743212189,0.00021201892610989148
2001-05-01,0.0024025979742017256,0.061904747191641185,-0.00013732715148317975
2001-06-01,0.0007065299656456858,-0.026329866114660483,0.0026043437608731512
2001-07-01,0.0045936088906501915,-0.024555906869790256,0.007094091918877776
2001-08-01,0.00554774726172047,-0.021259506949908302,0.0040502141257032775
2001-09-01,-0.020733727534457458,-0.11605712025917914,-0.0006454222625976724
2001-10-01,0.03233222988859863,0.03360892071659727,0.0071198929443141434
2001-11-01,-0.002561758257474178,0.050375813537440806,0.005492298197677714
2001-12-01,0.0017793221414041938,0.017328153500325794,0.00812375561489631
2002-01-01,0.00023338336272615834,-0.0063160427447771506,0.0018381087921106598
2002-02-01,0.0016902905419042824,-0.03801658859859958,4.96107524980971e-05
2002-03-01,-0.0030927455123781478,0.04172255500061306,-0.0013198943660663875
2002-04-01,0.003917243836371931,-0.041070099321429465,-0.0013440080731772497
2002-05-01,-0.0032325695550690092,-0.028880258210966847,0.004201536297631092
2002-06-01,0.004043137797878238,-0.059991940806644606,0.0034602268234573685
2002-07-01,0.0076993986625311095,-0.1082763673125221,0.0026800790243843853
2002-08-01,9.299993399336515e-05,0.006304411847942948,0.0001505320251917741
2002-09-01,-0.004509397266606818,-0.0498524896452357,0.0015064608438160043
2002-10-01,0.004238701494589492,-0.016444430597733484,0.0015654394941859717
2002-11-01,0.0038391885534356796,0.06362863575793787,0.003313926189799865
2002-12-01,0.009696897458534082,-0.009327288787576049,0.005516312245072319
2003-01-01,-0.0015708420504481069,-0.007981681400749618,-0.0011035264296378466
2003-02-01,-0.00670794162675481,-0.07158608741570782,-0.0044771976029919225
2003-03-01,0.002308473773426911,0.005271048306102477,-0.0028695371909951417
2003-04-01,0.005191101023877209,0.052560942136804734,0.005424911042792413
2003-05-01,0.0037009565413366197,0.05238918210759147,0.0045670670503275
2003-06-01,0.005334191976084757,0.053486035143053945,0.0016418186041597949
2003-07-01,0.006339142661195396,0.003567949275230742,0.0021665698193402694
2003-08-01,0.00838615997466885,-0.006626018458204763,-0.00017098400450477058
2003-09-01,-0.0030412537559372232,0.026534852897169392,0.00023948709691423709
2003-10-01,0.002823378162176482,0.019981253803826426,0.00459144685061208
2003-11-01,0.009698157021650555,0.013567439172909257,0.006234144826794408
2003-12-01,0.004587405889123541,0.030178973304620937,0.004579511430891969
2004-01-01,0.002234948682350524,0.04234935651201277,-0.001481860019285186
2004-02-01,-0.0012348575183547261,0.0041855250484672535,-0.002050466860936795
2004-03-01,0.0008130643967652063,-0.022806910363446842,-0.0032865291018367992
2004-04-01,-0.002159939841343217,0.005161800871930522,0.0003518394832957572
2004-05-01,0.0026776176163374465,-0.03204494182216544,-0.0019887047676829805
2004-06-01,-0.0054820793989862615,0.02366091062510689,0.0006836175999305194
2004-07-01,0.011256747664171396,-0.021660147342211222,0.005264579425886318
2004-08-01,0.003676057383906528,-0.015395725811385819,0.002969005277560388
2004-09-01,0.0063065023203630055,0.023932841511655756,0.001264700143300379
2004-10-01,0.0013912389185857243,-0.005553358665869146,-0.0019018196888104244
2004-11-01,0.005105236415272163,0.04505909459087287,0.002900999917920588
2004-12-01,0.01073998849076041,0.02932170196992434,0.007149574931584413
2005-01-01,-0.0028878762809680936,-0.016460321453560023,0.0013456549022907716
2005-02-01,0.001447855950778898,0.009570665729959238,-0.002344397938767284
2005-03-01,-0.0032091287650306555,-0.01139665341922591,-0.004113665581977233
2005-04-01,0.0025582569071755934,-0.03140034695639338,-0.0031574041195449043
2005-05-01,0.0002444160139600804,0.012932439735771739,0.004418507482446543
2005-06-01,0.008874607119381483,0.019659306811818267,0.002757917808017707
2005-07-01,0.006787972520379881,0.011807917724665495,-0.0012033530787524116
2005-08-01,-0.005522643314983977,-0.0033232438118652174,-0.0016268654164621754
2005-09-01,-0.006478437144760818,-0.010620952989202626,-0.008679516636995954
2005-10-01,0.0022615193966064595,-0.028978193214419523,0.0016274416718009554
2005-11-01,0.008925631084865326,0.0460229096798519,0.011833999650638471
2005-12-01,0.007950308818822194,0.023957542091024298,0.007730676161396888
2006-01-01,0.0024332341506236865,0.00545654893008285,-0.003980852722447192
2006-02-01,0.0006709881136441886,-0.003470403357099361,0.0017102232029613251
2006-03-01,-0.0014721947600384588,0.00772135393914275,-0.0016759826587420257
2006-04-01,-0.002065770018518709,-0.0019218046765744345,-0.004404874998575559
2006-05-01,-0.0005864829055828302,-0.013903941697860134,-0.0007970844152342949
2006-06-01,0.0010334451427209679,-0.02980188348723878,0.0021821199847325
2006-07-01,0.006099412515516267,0.002745196618031631,0.0011851887216156598
2006-08-01,-0.0021349239022878663,0.019127729731334142,0.002008896892868206
2006-09-01,0.008463897818902666,0.028544966208100986,0.00879823767622434
2006-10-01,0.007375507627100042,0.03984416144522229,0.009330686180053949
2006-11-01,0.0021900858503460796,0.01990582470862101,0.00524923621913298
2006-12-01,0.007840768464387526,0.018324536174556316,0.0022306646499592464
2007-01-01,0.002230108347240911,0.0024291036482566586,0.0008078400902169491
2007-02-01,-0.002463320694794824,0.009003372910800111,-0.0014768385531644945
2007-03-01,-0.004283874377140506,-0.03438895908744677,-0.005319728437627846
2007-04-01,-0.003190869329051882,0.0329956382803549,-0.002681193621825506
2007-05-01,-0.0017111674487821915,0.025787320399674574,-0.0022079411347767364
2007-06-01,0.00024408374082662831,0.00020997305304182312,0.0022259564156847933
2007-07-01,0.00479343793058673,0.004649156963350887,0.004315140135972673
2007-08-01,0.0067159932535076905,-0.04079286608447852,0.005645363099153755
2007-09-01,0.0019660468764604033,0.026059821806572847,0.0009467810117429476
2007-10-01,0.0016558333467782127,0.025861390063995238,0.00153712300933595
2007-11-01,0.0014624094543553845,-0.05412996012185878,-0.00252548413702236
2007-12-01,0.002362364479794543,0.01145937741791414,0.004022870243606036
2008-01-01,-0.002575578661768052,-0.07113757674213206,-0.00187765618377711
2008-02-01,-0.004357343512102485,-0.019681204393970697,0.00017408189640377714
2008-03-01,-0.0032989369810807467,-0.03567080407312906,-0.00576289141697206
2008-04-01,-0.00254150957124466,0.033651621293702805,-0.003007012785391283
2008-05-01,-0.002252517847608715,0.014952371568888845,-0.005204586522659538
2008-06-01,-0.00461907107908921,-0.05271645021151372,-0.006642303468450073
2008-07-01,-0.0054382842986075985,-0.06612891304931545,-0.0019636027037522874
2008-08-01,0.0030397643796966634,0.02284680228797309,0.0071688867457635475
2008-09-01,-0.004428710075969011,-0.04785636969317164,0.004445421691478657
2008-10-01,0.001984260653411951,-0.19113899388466915,0.013357269620661638
2008-11-01,0.00435069545345268,-0.06832523761033726,0.02244031453331763
2008-12-01,0.0019070989494260893,0.004224008132887258,0.012480240776116869
2009-01-01,0.000332464541092925,-0.017894272518694132,-0.0022427560481966813
2009-02-01,-0.00726856409329546,-0.07256277487280105,-0.002599305996976775
2009-03-01,-0.007682956142185837,-0.060510708125595114,-0.0001301524357154582
2009-04-01,-0.0025601832865067564,0.11255318556876981,-8.197295650336223e-05
2009-05-01,-0.0009507467965259586,0.058316303743211284,-0.00020575053520099917
2009-06-01,-0.002330391240851881,0.016235151974375306,-0.005461894399948264
2009-07-01,0.0050124601749432784,0.011197753688613643,0.004502768006606761
2009-08-01,0.00961859932815523,0.07393452652005217,0.0007130226492801928
2009-09-01,-0.008304554690381494,0.03245766243656023,0.0021400696492641647
2009-10-01,0.003941586826409882,0.020169526367026958,0.0018079191141311401
2009-11-01,0.00020806963932429312,0.017551429815810593,0.0020947967592253036
2009-12-01,0.008435358135803206,0.021425527656579568,0.004708387817266457
2010-01-01,-0.0030727532877983244,0.008048274966603097,-0.00036902792862236744
2010-02-01,0.0034716115848003604,-0.030411714691119363,0.002792799235793675
2010-03-01,0.0020850243121652845,0.05212163104502876,-0.0010455823406166909
2010-04-01,0.0008416947925615759,0.03679438175420224,0.0014045389660575225
2010-05-01,0.0020155879827461476,-0.0599651845554483,0.0020249189269794243
2010-06-01,0.0029686369815746794,-0.035382083240084294,0.003594304526621128
2010-07-01,0.0034068581864130643,-0.0033129921759587067,0.0022904481639764995
2010-08-01,0.0024158384649077824,0.005504194435214771,0.0008453803144279348
2010-09-01,0.0013432235880852517,0.030840911383424707,0.0015855291571995611
2010-10-01,0.004490475976700825,0.04207851878560209,0.0008553231872132638
2010-11-01,0.0041226904195288405,0.022551261207939932,0.0018591390744906455
2010-12-01,0.0018429241611044311,0.03322017241569841,0.0009627553334563554
2011-01-01,-0.0006070325812777,0.02780625262191916,-0.001953654144537853
2011-02-01,-0.0024391547639233124,0.02460127369551568,-0.002004202859466231
2011-03-01,-0.0022364439539490633,-0.021747286451464287,-0.0068945756250692325
2011-04-01,-0.0033768563380154326,0.014039244229530956,-0.003582140881557949
2011-05-01,-0.002772496462625007,0.000575084356586153,-0.0020548954857736446
2011-06-01,0.0031781117610321097,-0.03620610764458565,0.0035321562898713577
2011-07-01,0.002549356921801138,0.028197780537717154,0.001578817338015126
2011-08-01,-0.0009995744646653648,-0.10587573894915547,-0.0008452607859037453
2011-09-01,0.0015119175174187482,-0.010741662388867645,9.009276453886272e-05
2011-10-01,0.0038988860482089827,0.030289621372916686,0.0038537213875271537
2011-11-01,0.0012004497894819721,0.01675983306708151,0.0025010115673598232
2011-12-01,0.0034957856452750846,0.016344932678240776,0.004120770289909981
2012-01-01,0.0028989004573514165,0.04077382492070436,-0.0027478543066391525
2012-02-01,0.003859600141012276,0.034769606100531814,-0.002772634190072565
2012-03-01,-0.006960709226615069,0.019119877725843892,-0.005764651912379848
2012-04-01,-0.0008118201843569928,-0.004794682426518704,-0.0013549475882559392
2012-05-01,0.00015524147583434456,-0.030522370719870073,0.0027079759676729154
2012-06-01,-0.00010869289794701587,-0.011338936724016868,0.002780039679855406
2012-07-01,0.004111100817209223,0.02886750155910267,0.002926909945774492
2012-08-01,-0.0020196434443753297,0.026027935538994962,-0.004174422738158157
2012-09-01,-1.170472486622387e-05,0.02361663952013071,-0.003035147922625603
2012-10-01,0.0032753379888688094,-0.0030406166447244365,0.0018363997292665246
2012-11-01,0.008441190506228491,-0.024483154782629968,0.006149268911602723
2012-12-01,0.0029471607503581687,0.022631797742038273,0.004126345270827114
2013-01-01,0.0028036337557053592,0.0371062039886767,-0.001379685648578266
2013-02-01,-0.004951228798570462,0.012976623379873153,-0.006518685257042023
2013-03-01,-0.0037516595496613903,0.022491455981178188,-0.0009629828642884197
2013-04-01,0.0001793273998522693,0.013844304028590493,0.002488593500421743
2013-05-01,0.0014128888263891248,0.04152683942666746,-0.00016863672618538939
2013-06-01,-0.000331615629166393,-0.014731733914158385,-0.0005060820842285318
2013-07-01,0.002069036843175276,0.030000038039312615,0.0016959957293336547
2013-08-01,0.0014513056528575596,-0.0001528212595743872,0.0010552556250162937
2013-09-01,0.0020931547279694485,0.009080895958469393,0.0011562655185950454
2013-10-01,0.007050198329492829,0.02182177894265669,0.004732131646107085
2013-11-01,0.0078060660387344605,0.038438184024763844,0.004302968444011013
2013-12-01,0.00245048618064736,0.013527876538349526,0.0024711511559027954
2014-01-01,-0.005016068778481486,0.004385018963489307,-0.0013753192598714437
2014-02-01,0.00252224135895851,-0.006290927227969756,-0.001440415727159361
2014-03-01,0.0004357385983468909,0.018754648507589566,-0.00416586952283271
2014-04-01,0.0003062316173445545,-0.002702555926704986,-0.0010667478174501976
2014-05-01,9.03972985666357e-06,0.010088942194569128,-0.0013875137132575155
2014-06-01,0.0031825622548793397,0.028045104269534438,0.0002912129362235838
2014-07-01,0.003851958459530014,0.013675997901247738,0.002470962634158802
2014-08-01,0.008358757096794012,-0.0038974186229530083,0.0036797249518223385
2014-09-01,-0.0002465386947299031,0.015269471510537258,0.0013264901322822542
2014-10-01,0.008407125207741117,-0.024927808002605523,0.004428607632749326
2014-11-01,0.007306543496848228,0.06017174961555671,0.007351932159383789
2014-12-01,0.006453182581793726,0.01054296080466055,0.007540417896954255
2015-01-01,0.002115170660713428,-0.007592356699519631,0.006267325976545779
2015-02-01,-0.0004482017079356915,0.02192210591314847,-0.0026748226636987837
2015-03-01,-0.0018915430606054606,-0.00674878003958157,-0.0042548660029204655
2015-04-01,0.001104681285909681,0.005114414790444277,-0.0004295239896290326
2015-05-01,8.662307085005594e-05,0.0030119419237806255,-0.0032822279985170733
2015-06-01,-0.0004886609075978043,-0.009188663711173328,-0.0015391002824941546
2015-07-01,0.0046089275690541776,-0.0023257541105339286,0.001871092674863073
2015-08-01,0.003960012052289574,-0.023938928779603796,0.0031777656910723096
2015-09-01,0.0013610987036600797,-0.04419860851344126,0.0033904943417164546
2015-10-01,0.000897733750402363,0.04104811875654013,0.0021300164964819235
2015-11-01,0.004947786973568125,0.029301465720917408,0.003974711722392943
2015-12-01,0.006261964693594635,-0.008978202045926476,0.005278612550102757
2016-01-01,-9.633986098345204e-05,-0.06605574559210581,7.623721139227158e-05
2016-02-01,0.005139513544382357,-0.007935721249758054,0.0006688727899668567
2016-03-01,-0.005850512163107169,0.05586932981904558,-0.002728544128744459
2016-04-01,0.001578505003938524,0.02118727255796027,-0.0032339976071292797
2016-05-01,-0.0009996068494757537,-0.008637921646408975,-0.0025478742413156397
2016-06-01,0.0028212736622901247,0.005476215967530784,-0.0019256822836092313
2016-07-01,0.003106317389095281,0.032304454805712535,0.002864245395082232
2016-08-01,0.0013790095667713942,0.009216123363017692,0.0003761859482720453
2016-09-01,0.0020554517275206408,-0.008286755616085606,-0.0010573018264975476
2016-10-01,0.0004199725717883851,-0.0077929838502721616,0.00021210714456998403
2016-11-01,0.0035590892105128447,0.011735450357970967,0.0033433348320366374
2016-12-01,0.00813608967992785,0.036689218064722695,0.0017196502459397855
2017-01-01,-0.001397287307928874,0.006649699418766586,-0.0038151303800864067
2017-02-01,-0.0017279150766187357,0.020506669363481445,-0.001131453326433829
2017-03-01,0.003060232573052879,0.014797751127795244,0.0012215202040819495
2017-04-01,-0.001056003418627327,-0.00593174437371824,-0.001053375675822088
2017-05-01,-0.0005916041716811371,0.014224740550968562,0.0010370377252226781
2017-06-01,0.003070084711046306,0.014981972026451684,0.0008663084571323143
2017-07-01,0.0024542213090126275,0.008934076909650646,0.0026088765968788064
2017-08-01,9.483760556161513e-05,-0.0020048065477846766,-0.0011554309598363899
2017-09-01,0.0036932864990637526,0.009407288936528868,-0.0034614533747229226
2017-10-01,0.0028925548511664623,0.026013297011475922,0.00259563751163161
2017-11-01,0.007136594732067625,0.014110155592066409,0.0018969332679936723
2017-12-01,0.010147354857608093,0.027523419547777594,0.0025880051950610827
2018-01-01,-0.004036776959799759,-0.0005681842036687756,-0.003332989305684042
2018-02-01,-0.0015848874497086385,0.0023438228553231966,-0.0021561042340934033
2018-03-01,0.002650597812219324,0.044555752671218585,8.712592943549424e-05
2018-04-01,0.002958105613426909,-0.05177396570674686,0.0011972882149766662
2018-05-01,0.001174098976175486,-0.039572564194386595,-0.0013034592597048755
2018-06-01,0.001530929863754693,0.026552523903495828,0.001040051647478224
2018-07-01,0.0029251244525401177,0.02912503390565857,0.0015593875280452973
2018-08-01,0.0017979337683664554,-0.004775294895137616,0.0006808258969206449
2018-09-01,-0.0010949191237035194,0.029571615673127605,0.0005188767355868151
2018-10-01,0.0034742348153322666,0.02810218653294494,0.00011767676718554831
2018-11-01,0.005347968329297181,0.011035369900320058,0.003377001351562381
2018-12-01,-0.007300446198661881,-0.06140154840266321,0.002748980122276423
2019-01-01,0.0030427197516766924,0.018472623313737557,0.002552305107587305
2019-02-01,-0.0009357119984763074,-0.10370897648276922,-0.00042649166974906283
2019-03-01,0.003973740796884506,0.07324951959970738,-0.0023681324062519993
2019-04-01,-0.0007718662541069676,0.03167772071681707,-0.0014109629159478887
2019-05-01,0.002827496681901742,0.02250133986738012,0.0013425908565394273
2019-06-01,0.0036570991822388876,0.019475891478233587,0.0015676294877124963
2019-07-01,0.002866362869421657,-0.0638473942360328,-0.0004092049873474224
2019-08-01,0.0015852592565748225,0.07978894458044539,0.0002577392482390195
2019-09-01,4.262479663275087e-05,-0.005642667230650433,-0.0002216603796468819
2019-10-01,0.00019955862309561923,-0.018626273471971322,-0.001345428782977498
2019-11-01,0.0022112859688059316,0.009102950051742553,-0.0003804722169277186
2019-12-01,0.0033053382775385387,0.04085288541736687,-0.00030509600117711866
2020-01-01,0.0010711683165629537,0.013269097635752791,-0.0001671391206906625
2020-02-01,0.002600156452600366,0.04502812550427837,-1.4862434349005582e-05
2020-03-01,-0.06530104421349758,0.004934161677417448,0.003985960287635759
2020-04-01,-0.12529908120396538,-0.04199601759181959,0.008639651965532513
2020-05-01,0.08369003615563475,-0.20101602274186214,0.0011430180096061449
2020-06-01,0.05476764277522905,0.1387929512533015,-0.004345821856117205
2020-07-01,0.015634452457017556,0.07321838032514227,-0.0046161787610119465
2020-08-01,0.004582689788279026,0.014507387183697151,-0.003457012733488418
2020-09-01,0.013584800190717061,0.05499253810495075,-0.0017808568043123918
2020-10-01,0.0023081373645998937,0.06944871931017405,3.331890510915869e-05
2020-11-01,-0.005877190744296712,-0.04337207187080838,-0.000694203014628969
2020-12-01,-0.0025347321537037004,-0.024698547429525597,-0.002453691706687078
2021-01-01,0.02205126416533787,0.1031731491088772,-0.001532226125324665
2021-02-01,-0.010339292671160294,0.005636749121949114,-0.003312247890124187
2021-03-01,0.04458595251679842,0.01311127213238894,-0.005023084989824289
2021-04-01,-0.0004217686851637481,0.02651118806700259,-0.005021949224106148
2021-05-01,-0.0034806080486582403,0.023074751517935033,-0.005638758170121605
2021-06-01,0.0033824354372180565,0.03371110515550102,-0.007448181695967393
2021-07-01,-0.0002864567434253118,-0.002583454938190566,-0.003426864339425628
2021-08-01,0.004010960729691426,0.02443740643260206,-0.0022679531687533894
2021-09-01,0.0034275583766065765,0.01150486092324221,-0.002961777003878008
2021-10-01,0.0039377399545585945,0.022453979185927286,-0.007294334815308057
2021-11-01,-0.0018698068278588664,-0.04408377535210095,-0.005661912684921444
2021-12-01,-0.007881563682997417,0.0528443828499221,-0.0045089906678599245
2022-01-01,0.005793491711616916,-0.02769698180812885,-0.004963682649983925
2022-02-01,-0.0008617097117706862,0.05503562677470919,-0.0063322802278917845
2022-03-01,4.111474948942373e-05,-0.06355683762156861,-0.0105191214372643
2022-04-01,0.00027997980908445186,-0.055796314143349623,-0.0010525642040219996
2022-05-01,-0.00296532794978166,0.04690225569130568,-0.007281959295382223
2022-06-01,-0.0012343609353777651,-0.09720511615804595,-0.01050381544190071
2022-07-01,-0.001666779163940646,-0.012743648679238606,0.0025786314073643624
2022-08-01,0.005301552169195922,-0.0691985045827781,0.001201742514002735
2022-09-01,0.0024072967397161804,0.07401196506839458,-0.0009688985088210922
